{
  "model_id": "gpt2-xl",
  "caz_boundaries": {
    "caz_start": 1,
    "caz_peak": 44,
    "caz_end": 47,
    "caz_width": 47,
    "peak_separation": 0.7720145733236916,
    "threshold": 0.3860072866618458,
    "zones": [
      "pre_caz",
      "caz",
      "caz",
      "caz",
      "caz",
      "caz",
      "caz",
      "caz",
      "caz",
      "caz",
      "caz",
      "caz",
      "caz",
      "caz",
      "caz",
      "caz",
      "caz",
      "caz",
      "caz",
      "caz",
      "caz",
      "caz",
      "caz",
      "caz",
      "caz",
      "caz",
      "caz",
      "caz",
      "caz",
      "caz",
      "caz",
      "caz",
      "caz",
      "caz",
      "caz",
      "caz",
      "caz",
      "caz",
      "caz",
      "caz",
      "caz",
      "caz",
      "caz",
      "caz",
      "caz_peak",
      "caz",
      "caz",
      "caz"
    ],
    "separations": [
      0.38166404743463955,
      0.39521012438659536,
      0.3963822697421527,
      0.396407074304603,
      0.4017921911061229,
      0.40408755561615484,
      0.40405698934312456,
      0.4063081696352041,
      0.4114753938154198,
      0.4096564388231283,
      0.4062661081162396,
      0.4096758749033286,
      0.41614921830780854,
      0.4167583325709299,
      0.4246037365471548,
      0.4338085231844489,
      0.43583647707536755,
      0.43883485489436774,
      0.4474732385525455,
      0.4563084274035207,
      0.46042995487670746,
      0.4628168670837978,
      0.4722853359358431,
      0.47716640269082977,
      0.4795440104011941,
      0.4824183166417596,
      0.49284407826858856,
      0.5039784817125782,
      0.5310648832868871,
      0.550787248733511,
      0.5588249862708837,
      0.5695436383312804,
      0.5917678757085127,
      0.622008880452209,
      0.6363175472098052,
      0.6524551659192834,
      0.6743648267796294,
      0.6888048304304473,
      0.6958933236398106,
      0.7072309217887082,
      0.7215016788770882,
      0.7416828306402579,
      0.7513298861943956,
      0.7695945755871584,
      0.7720145733236916,
      0.7719647856292164,
      0.7486826914326323,
      0.7441985849193995
    ],
    "coherences": [
      0.09278003303071652,
      0.07753585259980485,
      0.07217515322613395,
      0.06932718461759492,
      0.06989616389036467,
      0.07212627636190806,
      0.07325595574322233,
      0.07622707608445091,
      0.07389035800557274,
      0.0727405822798931,
      0.07359074492404839,
      0.07252304697707665,
      0.0713406592988885,
      0.07084668300061363,
      0.06957610259346936,
      0.0685571996979939,
      0.06569816091984168,
      0.06501469531766407,
      0.0643880251244914,
      0.06419942151267043,
      0.06558751782312118,
      0.06501520574591958,
      0.06698925321119825,
      0.0681865811857584,
      0.06823978760227287,
      0.0690472288131821,
      0.0702502922518833,
      0.0710861223884262,
      0.07620432544737415,
      0.08004708256759298,
      0.08215777500539297,
      0.0849299650247088,
      0.09342785330887264,
      0.10596633663945622,
      0.11280569325468157,
      0.12151762224819532,
      0.13357803836768511,
      0.1460869775381589,
      0.1566347547867908,
      0.16409363794751008,
      0.16458990290221942,
      0.1661991599807579,
      0.16409352552362483,
      0.15708876400923721,
      0.14955362449088247,
      0.16763827739319095,
      0.22244110097466038,
      0.23272365609061765
    ],
    "velocities": [
      0.0,
      0.01354607695195581,
      0.0011721453555573191,
      2.480456245029794e-05,
      0.005385116801519929,
      0.0022953645100319275,
      -3.0566273030274704e-05,
      0.0022511802920795465,
      0.0051672241802157015,
      -0.0018189549922915105,
      -0.003390330706888711,
      0.003409766787088986,
      0.00647334340447997,
      0.0006091142631213797,
      0.007845403976224852,
      0.009204786637294127,
      0.0020279538909186434,
      0.0029983778190001975,
      0.008638383658177762,
      0.008835188850975173,
      0.004121527473186781,
      0.0023869122070903637,
      0.009468468852045275,
      0.004881066754986674,
      0.0023776077103643267,
      0.002874306240565505,
      0.010425761626828955,
      0.011134403443989638,
      0.02708640157430886,
      0.01972236544662398,
      0.008037737537372691,
      0.010718652060396683,
      0.022224237377232336,
      0.030241004743696287,
      0.014308666757596122,
      0.016137618709478274,
      0.02190966086034596,
      0.014440003650817879,
      0.0070884932093633335,
      0.011337598148897565,
      0.014270757088379993,
      0.020181151763169702,
      0.009647055554137696,
      0.018264689392762823,
      0.0024199977365332304,
      -4.97876944751674e-05,
      -0.023282094196584113,
      -0.004484106513232833
    ]
  },
  "baseline_separation": 0.7720145733236916,
  "ablation_results": [
    {
      "layer": 1,
      "separation_reduction": 0.4996008236979419,
      "kl_divergence": 8.174819286068668e-05,
      "position": "caz_start"
    },
    {
      "layer": 24,
      "separation_reduction": 0.46657691087129927,
      "kl_divergence": 0.008891421929001808,
      "position": "caz_mid"
    },
    {
      "layer": 44,
      "separation_reduction": 0.8095750465896694,
      "kl_divergence": 0.008856271940749139,
      "position": "caz_peak"
    },
    {
      "layer": 47,
      "separation_reduction": 0.7908440138230474,
      "kl_divergence": 0.00923957327613607,
      "position": "caz_end"
    },
    {
      "layer": 47,
      "separation_reduction": 0.7908440138230474,
      "kl_divergence": 0.009239539143163712,
      "position": "post_caz"
    }
  ],
  "hypothesis_test": {
    "caz_mid_reduction": 0.46657691087129927,
    "post_caz_reduction": 0.7908440138230474,
    "caz_mid_kl": 0.008891421929001808,
    "post_caz_kl": 0.009239539143163712,
    "kl_improvement": 0.0003481172141619037,
    "hypothesis_supported": false
  }
}