{
  "model_id": "gpt2-xl",
  "caz_boundaries": {
    "caz_start": 0,
    "caz_peak": 39,
    "caz_end": 47,
    "caz_width": 48,
    "peak_separation": 0.31398840017179824,
    "threshold": 0.15699420008589912,
    "zones": [
      "caz",
      "caz",
      "caz",
      "caz",
      "caz",
      "caz",
      "caz",
      "caz",
      "caz",
      "caz",
      "caz",
      "caz",
      "caz",
      "caz",
      "caz",
      "caz",
      "caz",
      "caz",
      "caz",
      "caz",
      "caz",
      "caz",
      "caz",
      "caz",
      "caz",
      "caz",
      "caz",
      "caz",
      "caz",
      "caz",
      "caz",
      "caz",
      "caz",
      "caz",
      "caz",
      "caz",
      "caz",
      "caz",
      "caz",
      "caz_peak",
      "caz",
      "caz",
      "caz",
      "caz",
      "caz",
      "caz",
      "caz",
      "caz"
    ],
    "separations": [
      0.16448456946492038,
      0.16797752297153293,
      0.16546392471578195,
      0.16236731257926684,
      0.16294080824645388,
      0.16321129225645775,
      0.16645585600159354,
      0.16737187255036404,
      0.1683723999737009,
      0.1695316591042085,
      0.1704921593032788,
      0.17315249697545293,
      0.17773157531645858,
      0.18238584604703173,
      0.18761883292044945,
      0.19164114457187606,
      0.19510620015844707,
      0.19814876920253682,
      0.20512012410176994,
      0.21173106847528414,
      0.21710436493410085,
      0.22327495080856916,
      0.22796541963650974,
      0.2307813944597672,
      0.2303324021843435,
      0.23351238217848486,
      0.2355777904123787,
      0.24120759439511796,
      0.2567283601908146,
      0.25639489997934745,
      0.2568968743269019,
      0.25577608620010556,
      0.2610621727597353,
      0.2721381101662543,
      0.2801382690014441,
      0.278157084554033,
      0.2871488115638245,
      0.30485343858363034,
      0.307228770605044,
      0.31398840017179824,
      0.3111833290515834,
      0.3113799378303083,
      0.31235599080979953,
      0.306295990582966,
      0.2969032308509816,
      0.28842817969907564,
      0.28517965804159107,
      0.28496447394329627
    ],
    "coherences": [
      0.04294290673586809,
      0.038421243977337885,
      0.03694350806153035,
      0.036368731049455115,
      0.03544844580955137,
      0.03508129923143219,
      0.0344600763094774,
      0.034197084558549036,
      0.035052874755953256,
      0.03712563145900317,
      0.038974106003093555,
      0.04066895115108208,
      0.042062235888265465,
      0.04212324129768343,
      0.041519400402688485,
      0.04182648944574642,
      0.0419008534722992,
      0.042229230359397026,
      0.04308295998427359,
      0.041933112435471306,
      0.04176584844985674,
      0.04151253425295269,
      0.04066349576968263,
      0.04081740844136606,
      0.040668923039845956,
      0.040934747595734955,
      0.040815665066485596,
      0.04044573190964555,
      0.04130354544961167,
      0.041293249135719266,
      0.042822478256973814,
      0.04319978791217254,
      0.04523046252523781,
      0.04839433215424927,
      0.0497667430283741,
      0.0531783883231957,
      0.05579536688938749,
      0.061091047675782106,
      0.06709358994946296,
      0.07173256711252882,
      0.07081865739632857,
      0.07172770323719886,
      0.0730376964019771,
      0.06665810650926059,
      0.0659081656509053,
      0.10363297333032088,
      0.14861293530258488,
      0.15486806239910658
    ],
    "velocities": [
      0.0,
      0.0034929535066125506,
      -0.0025135982557509817,
      -0.0030966121365151034,
      0.000573495667187035,
      0.0002704840100038741,
      0.0032445637451357923,
      0.000916016548770493,
      0.0010005274233368666,
      0.0011592591305076005,
      0.000960500199070291,
      0.0026603376721741345,
      0.004579078341005655,
      0.004654270730573146,
      0.005232986873417722,
      0.004022311651426608,
      0.0034650555865710087,
      0.0030425690440897546,
      0.006971354899233118,
      0.006610944373514199,
      0.0053732964588167065,
      0.0061705858744683095,
      0.00469046882794058,
      0.002815974823257461,
      -0.000448992275423693,
      0.003179979994141352,
      0.0020654082338938395,
      0.005629803982739268,
      0.015520765795696612,
      -0.00033346021146712923,
      0.0005019743475544458,
      -0.0011207881267963349,
      0.005286086559629755,
      0.011075937406518965,
      0.008000158835189841,
      -0.001981184447411133,
      0.008991727009791506,
      0.017704627019805852,
      0.0023753320214136564,
      0.006759629566754244,
      -0.0028050711202148304,
      0.0001966087787249049,
      0.0009760529794912154,
      -0.006060000226833506,
      -0.009392759731984446,
      -0.008475051151905943,
      -0.003248521657484571,
      -0.00021518409829479612
    ]
  },
  "baseline_separation": 0.0,
  "ablation_results": [
    {
      "layer": 0,
      "separation_reduction": 0.0,
      "kl_divergence": 0.00027137398719787595,
      "position": "caz_start"
    },
    {
      "layer": 23,
      "separation_reduction": 0.0,
      "kl_divergence": 0.0025680065155029297,
      "position": "caz_mid"
    },
    {
      "layer": 39,
      "separation_reduction": 0.0,
      "kl_divergence": 0.008625411987304687,
      "position": "caz_peak"
    },
    {
      "layer": 47,
      "separation_reduction": 0.0,
      "kl_divergence": 0.05625152587890625,
      "position": "caz_end"
    },
    {
      "layer": 42,
      "separation_reduction": 0.0,
      "kl_divergence": 0.0566253662109375,
      "position": "post_caz"
    }
  ],
  "hypothesis_test": {
    "caz_mid_reduction": 0.0,
    "post_caz_reduction": 0.0,
    "caz_mid_kl": 0.0025680065155029297,
    "post_caz_kl": 0.0566253662109375,
    "kl_improvement": 0.05405735969543457,
    "hypothesis_supported": false
  }
}