{
  "model_id": "gpt2-xl",
  "caz_boundaries": {
    "caz_start": 0,
    "caz_peak": 30,
    "caz_end": 32,
    "caz_width": 33,
    "peak_separation": 0.2568591338256649,
    "threshold": 0.12842956691283244,
    "zones": [
      "caz",
      "caz",
      "caz",
      "caz",
      "caz",
      "caz",
      "caz",
      "caz",
      "caz",
      "caz",
      "caz",
      "caz",
      "caz",
      "caz",
      "caz",
      "caz",
      "caz",
      "caz",
      "caz",
      "caz",
      "caz",
      "caz",
      "caz",
      "caz",
      "caz",
      "caz",
      "caz",
      "caz",
      "caz",
      "caz",
      "caz_peak",
      "caz",
      "caz",
      "post_caz",
      "post_caz",
      "post_caz",
      "post_caz",
      "post_caz",
      "post_caz",
      "post_caz",
      "post_caz",
      "post_caz",
      "post_caz",
      "post_caz",
      "post_caz",
      "post_caz",
      "post_caz",
      "post_caz"
    ],
    "separations": [
      0.16456845421775912,
      0.16793186307597174,
      0.16555029903134882,
      0.16238194290612123,
      0.1630044144086069,
      0.16317926179985123,
      0.16650782690931082,
      0.16738543335900305,
      0.16840616098812003,
      0.16959608734454495,
      0.17052820127888846,
      0.17319551225846444,
      0.1777002598248561,
      0.18249909877210785,
      0.187650174001966,
      0.19153904559721147,
      0.1951479842740826,
      0.19822451468061214,
      0.2050792111980272,
      0.211679866128708,
      0.21707960015848995,
      0.22326962926131472,
      0.22797848428349332,
      0.23090407178843778,
      0.2303305286081766,
      0.23346052694066718,
      0.2354483618467359,
      0.2412414357221799,
      0.25677967982571953,
      0.25645035380442593,
      0.2568591338256649,
      0.2558751193045119,
      0.0,
      0.0,
      0.0,
      0.0,
      0.0,
      0.0,
      0.0,
      0.0,
      0.0,
      0.0,
      0.0,
      0.0,
      0.0,
      0.0,
      0.0,
      0.0
    ],
    "coherences": [
      0.04294317403522992,
      0.03842117322045056,
      0.036943617933802055,
      0.03636876717276722,
      0.03544878153884003,
      0.035081684366963434,
      0.034460021934226065,
      0.03419749801496357,
      0.03505314238393748,
      0.03712582363912453,
      0.03897392788927559,
      0.04066884413754386,
      0.04206209771283387,
      0.042123441493796404,
      0.041519223233023754,
      0.0418269017860012,
      0.04190075694041156,
      0.04222963878880563,
      0.04308277712416137,
      0.04193316516714655,
      0.04176543398325546,
      0.041512226639872446,
      0.040663415720149365,
      0.040817303172998275,
      0.04066900826635213,
      0.04093458328824494,
      0.04081526292964612,
      0.0404460697968875,
      0.04130336833213921,
      0.041293396209616154,
      0.042822125287622304,
      0.043199896739413844,
      0.045230606103505044,
      0.048394735447750796,
      0.049766344837732075,
      0.053177727902175766,
      0.055794542873943295,
      0.06109010842124816,
      0.06709303284863802,
      0.07173163546277062,
      0.0708199606712802,
      0.07172687955439716,
      0.07303713243125823,
      0.06665772702524836,
      0.06590818950220163,
      0.10363253878875567,
      0.14861345607626894,
      0.1548681788203588
    ],
    "velocities": [
      0.0,
      0.0033634088582126243,
      -0.002381564044622919,
      -0.0031683561252275894,
      0.0006224715024856775,
      0.00017484739124432047,
      0.003328565109459586,
      0.0008776064496922309,
      0.0010207276291169798,
      0.0011899263564249252,
      0.0009321139343435036,
      0.002667310979575982,
      0.004504747566391659,
      0.004798838947251749,
      0.005151075229858165,
      0.0038888715952454522,
      0.0036089386768711207,
      0.003076530406529554,
      0.006854696517415049,
      0.0066006549306808215,
      0.005399734029781944,
      0.006190029102824762,
      0.004708855022178604,
      0.0029255875049444546,
      -0.0005735431802611768,
      0.0031299983324905856,
      0.001987834906068714,
      0.005793073875444005,
      0.015538244103539628,
      -0.00032932602129359667,
      0.0004087800212389525,
      -0.0009840145211529872,
      -0.2558751193045119,
      0.0,
      0.0,
      0.0,
      0.0,
      0.0,
      0.0,
      0.0,
      0.0,
      0.0,
      0.0,
      0.0,
      0.0,
      0.0,
      0.0,
      0.0
    ]
  },
  "baseline_separation": 0.2568591338256649,
  "ablation_results": [
    {
      "layer": 0,
      "separation_reduction": 0.3731523356164743,
      "kl_divergence": 0.00013759136199951172,
      "position": "caz_start"
    },
    {
      "layer": 16,
      "separation_reduction": 0.41588848351550967,
      "kl_divergence": 0.006130218505859375,
      "position": "caz_mid"
    },
    {
      "layer": 30,
      "separation_reduction": 0.8350069834868717,
      "kl_divergence": 0.006868934631347657,
      "position": "caz_peak"
    },
    {
      "layer": 32,
      "separation_reduction": 0.7725041110604185,
      "kl_divergence": 0.0063611030578613285,
      "position": "caz_end"
    },
    {
      "layer": 33,
      "separation_reduction": 1.0,
      "kl_divergence": 0.006643962860107422,
      "position": "post_caz"
    }
  ],
  "hypothesis_test": {
    "caz_mid_reduction": 0.41588848351550967,
    "post_caz_reduction": 1.0,
    "caz_mid_kl": 0.006130218505859375,
    "post_caz_kl": 0.006643962860107422,
    "kl_improvement": 0.0005137443542480467,
    "hypothesis_supported": false
  }
}