{
  "model_id": "gpt2-xl",
  "caz_boundaries": {
    "caz_start": 0,
    "caz_peak": 32,
    "caz_end": 33,
    "caz_width": 34,
    "peak_separation": 0.39595290974581887,
    "threshold": 0.19797645487290944,
    "zones": [
      "caz",
      "caz",
      "caz",
      "caz",
      "caz",
      "caz",
      "caz",
      "caz",
      "caz",
      "caz",
      "caz",
      "caz",
      "caz",
      "caz",
      "caz",
      "caz",
      "caz",
      "caz",
      "caz",
      "caz",
      "caz",
      "caz",
      "caz",
      "caz",
      "caz",
      "caz",
      "caz",
      "caz",
      "caz",
      "caz",
      "caz",
      "caz",
      "caz_peak",
      "caz",
      "post_caz",
      "post_caz",
      "post_caz",
      "post_caz",
      "post_caz",
      "post_caz",
      "post_caz",
      "post_caz",
      "post_caz",
      "post_caz",
      "post_caz",
      "post_caz",
      "post_caz",
      "post_caz"
    ],
    "separations": [
      0.3295381577012839,
      0.3315153184245945,
      0.3281892973259278,
      0.32691742076555047,
      0.32661828139408977,
      0.32601728999834134,
      0.3242077350089922,
      0.32795972439635074,
      0.3277607544028945,
      0.32895567974083323,
      0.3268203228648733,
      0.33014493454650035,
      0.3329067790859562,
      0.33544648545737915,
      0.33885677735358427,
      0.34261828242324294,
      0.3444767441860465,
      0.3412152653270115,
      0.34713510837853445,
      0.3544224293248546,
      0.3647875122039121,
      0.3695796016424709,
      0.37230706561897675,
      0.37629097324327165,
      0.3777264659266221,
      0.3795502057744645,
      0.3808883363226552,
      0.38370535518166987,
      0.3939098962054158,
      0.3926435674097088,
      0.3941580083142375,
      0.39488026947640825,
      0.39595290974581887,
      0.0,
      0.0,
      0.0,
      0.0,
      0.0,
      0.0,
      0.0,
      0.0,
      0.0,
      0.0,
      0.0,
      0.0,
      0.0,
      0.0,
      0.0
    ],
    "coherences": [
      0.08849920058108744,
      0.07043283019461781,
      0.07454236205982097,
      0.0754442208121877,
      0.07193271039285633,
      0.07479333900190495,
      0.07171511893463603,
      0.0729454004389569,
      0.07306317858779776,
      0.0720131503689857,
      0.0718611565197584,
      0.07182782648305606,
      0.07008828767826536,
      0.06908289364688137,
      0.06853019440260065,
      0.06797570490950376,
      0.06758411346874071,
      0.06595315376348279,
      0.06526211703693209,
      0.06468567222105744,
      0.06557107364424206,
      0.06476207631420584,
      0.06462021078172803,
      0.06545170236990178,
      0.06577640969218276,
      0.06564495305437523,
      0.0657696876826297,
      0.06552060749595669,
      0.06484437767385495,
      0.06450354953239867,
      0.06400843046046427,
      0.06363944694237236,
      0.06449166332194461,
      0.0673375330414253,
      0.07211691534724621,
      0.07793651101809648,
      0.08104142136892716,
      0.08627587469087618,
      0.09247264183914895,
      0.09500872923879046,
      0.0930919426231701,
      0.09338396400005988,
      0.09328600460054508,
      0.0884740964104158,
      0.0900632339222288,
      0.12807926953565732,
      0.16292816152422557,
      0.1668411426198107
    ],
    "velocities": [
      0.0,
      0.001977160723310556,
      -0.0033260210986666983,
      -0.0012718765603773052,
      -0.00029913937146069935,
      -0.0006009913957484292,
      -0.0018095549893491492,
      0.0037519893873585453,
      -0.000198969993456255,
      0.0011949253379387459,
      -0.0021353568759599484,
      0.0033246116816270654,
      0.0027618445394558266,
      0.0025397063714229784,
      0.00341029189620512,
      0.003761505069658666,
      0.001858461762803576,
      -0.003261478859034994,
      0.005919843051522933,
      0.007287320946320175,
      0.010365082879057463,
      0.0047920894385588,
      0.0027274639765058617,
      0.003983907624294902,
      0.00143549268335047,
      0.0018237398478423983,
      0.0013381305481906525,
      0.002817018859014697,
      0.010204541023745906,
      -0.0012663287957069835,
      0.00151444090452868,
      0.0007222611621707786,
      0.0010726402694106185,
      -0.39595290974581887,
      0.0,
      0.0,
      0.0,
      0.0,
      0.0,
      0.0,
      0.0,
      0.0,
      0.0,
      0.0,
      0.0,
      0.0,
      0.0,
      0.0
    ]
  },
  "baseline_separation": 0.39595290974581887,
  "ablation_results": [
    {
      "layer": 0,
      "separation_reduction": 0.2054592118263053,
      "kl_divergence": 6.35385513305664e-06,
      "position": "caz_start"
    },
    {
      "layer": 16,
      "separation_reduction": 0.3355283073131817,
      "kl_divergence": 0.006833457946777343,
      "position": "caz_mid"
    },
    {
      "layer": 32,
      "separation_reduction": 0.8558052631932297,
      "kl_divergence": 0.007489013671875,
      "position": "caz_peak"
    },
    {
      "layer": 33,
      "separation_reduction": 1.0,
      "kl_divergence": 0.007807731628417969,
      "position": "caz_end"
    },
    {
      "layer": 35,
      "separation_reduction": 1.0,
      "kl_divergence": 0.007782745361328125,
      "position": "post_caz"
    }
  ],
  "hypothesis_test": {
    "caz_mid_reduction": 0.3355283073131817,
    "post_caz_reduction": 1.0,
    "caz_mid_kl": 0.006833457946777343,
    "post_caz_kl": 0.007782745361328125,
    "kl_improvement": 0.0009492874145507818,
    "hypothesis_supported": false
  }
}