{
  "model_id": "gpt2-xl",
  "caz_boundaries": {
    "caz_start": 0,
    "caz_peak": 31,
    "caz_end": 32,
    "caz_width": 33,
    "peak_separation": 0.3263863673834861,
    "threshold": 0.16319318369174304,
    "zones": [
      "caz",
      "caz",
      "caz",
      "caz",
      "caz",
      "caz",
      "caz",
      "caz",
      "caz",
      "caz",
      "caz",
      "caz",
      "caz",
      "caz",
      "caz",
      "caz",
      "caz",
      "caz",
      "caz",
      "caz",
      "caz",
      "caz",
      "caz",
      "caz",
      "caz",
      "caz",
      "caz",
      "caz",
      "caz",
      "caz",
      "caz",
      "caz_peak",
      "caz",
      "post_caz",
      "post_caz",
      "post_caz",
      "post_caz",
      "post_caz",
      "post_caz",
      "post_caz",
      "post_caz",
      "post_caz",
      "post_caz",
      "post_caz",
      "post_caz",
      "post_caz",
      "post_caz",
      "post_caz"
    ],
    "separations": [
      0.21075347076144577,
      0.20284389065146494,
      0.1993639721310356,
      0.20544414014932474,
      0.20433538793379855,
      0.20550657631566482,
      0.20865360810151198,
      0.21183708730062437,
      0.21260373444601255,
      0.2188946610592575,
      0.22467672413793102,
      0.2284305583732374,
      0.2322595983041411,
      0.24023155597277104,
      0.2452356350529307,
      0.2548607157664436,
      0.261627445976272,
      0.26648758015072155,
      0.26753667582665813,
      0.27119818786499017,
      0.280254716765387,
      0.2884922389225783,
      0.2942348297302386,
      0.29597343131168163,
      0.29849614140358877,
      0.30510999607153194,
      0.30827138235417084,
      0.315961820956625,
      0.32129334003483595,
      0.32521689881158244,
      0.3238387156131949,
      0.3263863673834861,
      0.0,
      0.0,
      0.0,
      0.0,
      0.0,
      0.0,
      0.0,
      0.0,
      0.0,
      0.0,
      0.0,
      0.0,
      0.0,
      0.0,
      0.0,
      0.0
    ],
    "coherences": [
      0.08072059539264465,
      0.06507606992858601,
      0.06263602451482436,
      0.058835869067304966,
      0.0538342541487424,
      0.05097591209442927,
      0.04965792386289767,
      0.04783991058171925,
      0.048620814891654644,
      0.04825511171431622,
      0.051238578596701174,
      0.05079835385392216,
      0.04990874696872831,
      0.048109584844718785,
      0.04546697666619332,
      0.04482714168732807,
      0.04426075807924208,
      0.04343253143432583,
      0.04247486685270027,
      0.04161437258519926,
      0.04132568661419258,
      0.041424032200259524,
      0.04188079630808522,
      0.04197827262909941,
      0.04238075388377242,
      0.042840419163997515,
      0.04326844958613062,
      0.044384955159804514,
      0.04570779627023988,
      0.047235327689537844,
      0.04800125045010586,
      0.05108992463726317,
      0.057617576854487665,
      0.06849070597935839,
      0.0780870319024064,
      0.09191531335107238,
      0.10428176855853005,
      0.11785659007881674,
      0.13183007890309517,
      0.14062745233244342,
      0.13981752450188398,
      0.1431786798546527,
      0.14229317970363578,
      0.12921378253119728,
      0.11545122681722561,
      0.16234561765532632,
      0.2384100718320218,
      0.25139112227869814
    ],
    "velocities": [
      0.0,
      -0.00790958010998083,
      -0.003479918520429337,
      0.006080168018289145,
      -0.0011087522155261986,
      0.0011711883818662783,
      0.0031470317858471597,
      0.0031834791991123823,
      0.0007666471453881829,
      0.006290926613244957,
      0.005782063078673516,
      0.003753834235306369,
      0.0038290399309037215,
      0.007971957668629931,
      0.005004079080159651,
      0.009625080713512896,
      0.006766730209828431,
      0.004860134174449526,
      0.0010490956759365844,
      0.0036615120383320376,
      0.00905652890039682,
      0.008237522157191313,
      0.005742590807660319,
      0.0017386015814430111,
      0.002522710091907132,
      0.006613854667943175,
      0.0031613862826389005,
      0.007690438602454164,
      0.0053315190782109445,
      0.003923558776746494,
      -0.0013781831983875614,
      0.002547651770291204,
      -0.3263863673834861,
      0.0,
      0.0,
      0.0,
      0.0,
      0.0,
      0.0,
      0.0,
      0.0,
      0.0,
      0.0,
      0.0,
      0.0,
      0.0,
      0.0,
      0.0
    ]
  },
  "baseline_separation": 0.3263863673834861,
  "ablation_results": [
    {
      "layer": 0,
      "separation_reduction": 0.3744127984577708,
      "kl_divergence": 0.00015720129013061524,
      "position": "caz_start"
    },
    {
      "layer": 16,
      "separation_reduction": 0.41820968827116395,
      "kl_divergence": 0.03862342834472656,
      "position": "caz_mid"
    },
    {
      "layer": 31,
      "separation_reduction": 0.7507416234194165,
      "kl_divergence": 0.03991012573242188,
      "position": "caz_peak"
    },
    {
      "layer": 32,
      "separation_reduction": 0.7357587597947715,
      "kl_divergence": 0.041168212890625,
      "position": "caz_end"
    },
    {
      "layer": 34,
      "separation_reduction": 1.0,
      "kl_divergence": 0.0424591064453125,
      "position": "post_caz"
    }
  ],
  "hypothesis_test": {
    "caz_mid_reduction": 0.41820968827116395,
    "post_caz_reduction": 1.0,
    "caz_mid_kl": 0.03862342834472656,
    "post_caz_kl": 0.0424591064453125,
    "kl_improvement": 0.0038356781005859375,
    "hypothesis_supported": false
  }
}