{
  "model_id": "gpt2-xl",
  "caz_boundaries": {
    "caz_start": 0,
    "caz_peak": 44,
    "caz_end": 47,
    "caz_width": 48,
    "peak_separation": 0.39564894638383186,
    "threshold": 0.19782447319191593,
    "zones": [
      "caz",
      "caz",
      "caz",
      "caz",
      "caz",
      "caz",
      "caz",
      "caz",
      "caz",
      "caz",
      "caz",
      "caz",
      "caz",
      "caz",
      "caz",
      "caz",
      "caz",
      "caz",
      "caz",
      "caz",
      "caz",
      "caz",
      "caz",
      "caz",
      "caz",
      "caz",
      "caz",
      "caz",
      "caz",
      "caz",
      "caz",
      "caz",
      "caz",
      "caz",
      "caz",
      "caz",
      "caz",
      "caz",
      "caz",
      "caz",
      "caz",
      "caz",
      "caz",
      "caz",
      "caz_peak",
      "caz",
      "caz",
      "caz"
    ],
    "separations": [
      0.2106699775269243,
      0.20283798098116457,
      0.19932508195709436,
      0.2053340489839015,
      0.20429722728386013,
      0.2054001429385252,
      0.20875763083530052,
      0.21170953568653914,
      0.21253040713168908,
      0.2187889068796244,
      0.22460819174863364,
      0.2283237869429037,
      0.23232179237791484,
      0.24009287586664174,
      0.24525812586186152,
      0.25465390493114354,
      0.2615682169603474,
      0.26647948423369,
      0.2674560041689498,
      0.27129869919941246,
      0.28019420411667667,
      0.28839826894685805,
      0.29436647695778734,
      0.2959905003362454,
      0.29837714276862515,
      0.30517990161416253,
      0.3084407459251434,
      0.31585059946854177,
      0.3212824380220369,
      0.3252332755512086,
      0.32386340924758894,
      0.32630726883846606,
      0.33247821422837165,
      0.3408785593733318,
      0.3479262357286436,
      0.3483748270763196,
      0.35686841267101055,
      0.36215710265586615,
      0.3635911574667897,
      0.371514806665768,
      0.37670313556122553,
      0.38174812194769914,
      0.39027660516148516,
      0.3933445250643794,
      0.39564894638383186,
      0.3901537406882645,
      0.36996816415563133,
      0.36384502123972007
    ],
    "coherences": [
      0.08072087546779644,
      0.06507565966439918,
      0.06263714130155765,
      0.05883620622084745,
      0.05383402295940388,
      0.050975592984482544,
      0.04965748642994043,
      0.04784013617651838,
      0.048620953439033464,
      0.04825488932202833,
      0.05123874960189865,
      0.050797932472108,
      0.04990890740040899,
      0.04810957080255134,
      0.045467135507698,
      0.04482689034943197,
      0.0442610551945923,
      0.04343256196735835,
      0.04247502323799338,
      0.04161438207650249,
      0.0413256420446405,
      0.04142405268404219,
      0.04188082043907905,
      0.0419785036114475,
      0.042380749617405476,
      0.042840133735554356,
      0.043268288917702416,
      0.044384993347008427,
      0.04570781629194979,
      0.04723476635894399,
      0.04800145991456049,
      0.05109017041705432,
      0.05761834001280735,
      0.06849102667825172,
      0.07808715155734786,
      0.09191432594075753,
      0.10428337624256945,
      0.11785907348985245,
      0.13182906463734662,
      0.14062991329060961,
      0.13981762009579718,
      0.14317603332212436,
      0.1422976823010423,
      0.12921267279052992,
      0.11545094922880447,
      0.1623461092712643,
      0.23840958844124063,
      0.2513906908602714
    ],
    "velocities": [
      0.0,
      -0.007831996545759723,
      -0.003512899024070204,
      0.006008967026807144,
      -0.0010368217000413793,
      0.001102915654665082,
      0.003357487896775313,
      0.0029519048512386126,
      0.0008208714451499455,
      0.0062584997479353255,
      0.005819284869009234,
      0.0037155951942700605,
      0.003998005435011137,
      0.007771083488726904,
      0.005165249995219778,
      0.009395779069282018,
      0.00691431202920384,
      0.004911267273342623,
      0.0009765199352598231,
      0.0038426950304626395,
      0.008895504917264208,
      0.008204064830181379,
      0.005968208010929288,
      0.0016240233784580727,
      0.0023866424323797375,
      0.006802758845537382,
      0.0032608443109808927,
      0.007409853543398348,
      0.005431838553495105,
      0.003950837529171747,
      -0.0013698663036196823,
      0.0024438595908771177,
      0.006170945389905591,
      0.00840034514496013,
      0.007047676355311838,
      0.0004485913476759973,
      0.008493585594690933,
      0.005288689984855599,
      0.0014340548109235685,
      0.007923649198978311,
      0.005188328895457506,
      0.005044986386473604,
      0.00852848321378602,
      0.003067919902894234,
      0.0023044213194524654,
      -0.005495205695567329,
      -0.020185576532633198,
      -0.006123142915911262
    ]
  },
  "baseline_separation": 0.0,
  "ablation_results": [
    {
      "layer": 0,
      "separation_reduction": 0.0,
      "kl_divergence": 8.918046951293946e-05,
      "position": "caz_start"
    },
    {
      "layer": 23,
      "separation_reduction": 0.0,
      "kl_divergence": 0.0009033918380737304,
      "position": "caz_mid"
    },
    {
      "layer": 44,
      "separation_reduction": 0.0,
      "kl_divergence": 0.0005926728248596191,
      "position": "caz_peak"
    },
    {
      "layer": 47,
      "separation_reduction": 0.0,
      "kl_divergence": 0.0010566234588623047,
      "position": "caz_end"
    },
    {
      "layer": 47,
      "separation_reduction": 0.0,
      "kl_divergence": 0.001056671142578125,
      "position": "post_caz"
    }
  ],
  "hypothesis_test": {
    "caz_mid_reduction": 0.0,
    "post_caz_reduction": 0.0,
    "caz_mid_kl": 0.0009033918380737304,
    "post_caz_kl": 0.001056671142578125,
    "kl_improvement": 0.00015327930450439455,
    "hypothesis_supported": false
  }
}