{
  "model_id": "gpt2-xl",
  "caz_boundaries": {
    "caz_start": 0,
    "caz_peak": 39,
    "caz_end": 47,
    "caz_width": 48,
    "peak_separation": 0.433706574308749,
    "threshold": 0.2168532871543745,
    "zones": [
      "caz",
      "caz",
      "caz",
      "caz",
      "caz",
      "caz",
      "caz",
      "caz",
      "caz",
      "caz",
      "caz",
      "caz",
      "caz",
      "caz",
      "caz",
      "caz",
      "caz",
      "caz",
      "caz",
      "caz",
      "caz",
      "caz",
      "caz",
      "caz",
      "caz",
      "caz",
      "caz",
      "caz",
      "caz",
      "caz",
      "caz",
      "caz",
      "caz",
      "caz",
      "caz",
      "caz",
      "caz",
      "caz",
      "caz",
      "caz_peak",
      "caz",
      "caz",
      "caz",
      "caz",
      "caz",
      "caz",
      "caz",
      "caz"
    ],
    "separations": [
      0.3294846327920111,
      0.3313876500343115,
      0.32822809155961374,
      0.32678239714436674,
      0.3265219458782984,
      0.3260095879063089,
      0.3242234875144762,
      0.32806784673055756,
      0.3276903082253651,
      0.32892386551679814,
      0.3267481801049874,
      0.33004898911288055,
      0.33275989402873307,
      0.33540560147533743,
      0.3390004472660265,
      0.34259976655651825,
      0.3445776658846869,
      0.3412377697266462,
      0.3471787205280951,
      0.35428118889182114,
      0.36475202118314104,
      0.36953734227997753,
      0.37243622762884376,
      0.37645107921659043,
      0.37770929505674833,
      0.3795522090542044,
      0.38072508150353956,
      0.383681010776905,
      0.39407578126135845,
      0.39263274070974064,
      0.39416353936134396,
      0.3947398324329595,
      0.39594902851891284,
      0.4054314984721833,
      0.4121152299208242,
      0.41005548080943066,
      0.41579287500540946,
      0.42672090865510537,
      0.42960218362189134,
      0.433706574308749,
      0.43344687635125256,
      0.4317045785255624,
      0.4295534847176923,
      0.4230924068046575,
      0.41904435262838646,
      0.4118688774815091,
      0.40472564084197515,
      0.3999659121736515
    ],
    "coherences": [
      0.08850671273491531,
      0.07043918968370258,
      0.07453924465616049,
      0.07543625463207099,
      0.07192389308093756,
      0.07478380117048367,
      0.07170507502069441,
      0.0729337769982297,
      0.0730527705163725,
      0.07200350904514269,
      0.07185303161982674,
      0.07181834213960436,
      0.07008190470494514,
      0.06907614783839491,
      0.06852698218398073,
      0.0679690409446359,
      0.06757545811494481,
      0.06594425805057363,
      0.06525721395918169,
      0.0646829368008543,
      0.06557233708974752,
      0.06476126498375273,
      0.06461665516516388,
      0.06544963441833984,
      0.06577670627267981,
      0.06564549790931609,
      0.06577032092659883,
      0.06552097065969736,
      0.06484913532960691,
      0.0645093575595041,
      0.06401524457536586,
      0.06364745214202223,
      0.06448935780582063,
      0.067324487479459,
      0.07209816564685852,
      0.07790770641502631,
      0.08101430254667626,
      0.08624729051448723,
      0.09244699623048397,
      0.09497393968967408,
      0.09306567389428051,
      0.09336327285260221,
      0.09327343503990759,
      0.08846072421097377,
      0.09005746295163959,
      0.12806784636717372,
      0.1629034129423131,
      0.16683888252261264
    ],
    "velocities": [
      0.0,
      0.0019030172423003533,
      -0.0031595584746977323,
      -0.0014456944152470008,
      -0.0002604512660683289,
      -0.0005123579719895077,
      -0.00178610039183269,
      0.003844359216081339,
      -0.000377538505192454,
      0.0012335572914330406,
      -0.002175685411810735,
      0.0033008090078931462,
      0.002710904915852519,
      0.0026457074466043617,
      0.003594845790689083,
      0.0035993192904917315,
      0.001977899328168664,
      -0.0033398961580407005,
      0.005940950801448908,
      0.007102468363726022,
      0.010470832291319898,
      0.004785321096836492,
      0.0028988853488662314,
      0.004014851587746671,
      0.0012582158401578947,
      0.0018429139974560638,
      0.0011728724493351717,
      0.0029559292733654097,
      0.010394770484453475,
      -0.0014430405516178135,
      0.0015307986516033267,
      0.0005762930716155523,
      0.0012091960859533235,
      0.009482469953270456,
      0.006683731448640928,
      -0.0020597491113935606,
      0.0057373941959787955,
      0.010928033649695912,
      0.002881274966785974,
      0.00410439068685764,
      -0.00025969795749641866,
      -0.0017422978256901867,
      -0.002151093807870097,
      -0.006461077913034796,
      -0.004048054176271021,
      -0.007175475146877386,
      -0.007143236639533923,
      -0.004759728668323637
    ]
  },
  "baseline_separation": 0.433706574308749,
  "ablation_results": [
    {
      "layer": 0,
      "separation_reduction": 0.25853787938147954,
      "kl_divergence": 5.364742874007789e-05,
      "position": "caz_start"
    },
    {
      "layer": 23,
      "separation_reduction": 0.3258970417198381,
      "kl_divergence": 0.0004988532746210694,
      "position": "caz_mid"
    },
    {
      "layer": 39,
      "separation_reduction": 0.7452281648907052,
      "kl_divergence": 0.0021006610448239373,
      "position": "caz_peak"
    },
    {
      "layer": 47,
      "separation_reduction": 0.6926335318275337,
      "kl_divergence": 0.012257474567741155,
      "position": "caz_end"
    },
    {
      "layer": 42,
      "separation_reduction": 0.70392636874141,
      "kl_divergence": 0.012281570537015795,
      "position": "post_caz"
    }
  ],
  "hypothesis_test": {
    "caz_mid_reduction": 0.3258970417198381,
    "post_caz_reduction": 0.70392636874141,
    "caz_mid_kl": 0.0004988532746210694,
    "post_caz_kl": 0.012281570537015795,
    "kl_improvement": 0.011782717262394726,
    "hypothesis_supported": false
  }
}