{
  "model_id": "gpt2-xl",
  "caz_boundaries": {
    "caz_start": 21,
    "caz_peak": 46,
    "caz_end": 47,
    "caz_width": 27,
    "peak_separation": 0.735878690675218,
    "threshold": 0.367939345337609,
    "zones": [
      "pre_caz",
      "pre_caz",
      "pre_caz",
      "pre_caz",
      "pre_caz",
      "pre_caz",
      "pre_caz",
      "pre_caz",
      "pre_caz",
      "pre_caz",
      "pre_caz",
      "pre_caz",
      "pre_caz",
      "pre_caz",
      "pre_caz",
      "pre_caz",
      "pre_caz",
      "pre_caz",
      "pre_caz",
      "pre_caz",
      "pre_caz",
      "caz",
      "caz",
      "caz",
      "caz",
      "caz",
      "caz",
      "caz",
      "caz",
      "caz",
      "caz",
      "caz",
      "caz",
      "caz",
      "caz",
      "caz",
      "caz",
      "caz",
      "caz",
      "caz",
      "caz",
      "caz",
      "caz",
      "caz",
      "caz",
      "caz",
      "caz_peak",
      "caz"
    ],
    "separations": [
      0.2829309162221429,
      0.29563681329491776,
      0.29739832205116024,
      0.2994069189651309,
      0.3023041355062674,
      0.30564889462825456,
      0.3096191006800052,
      0.30997226445415205,
      0.30994920290018857,
      0.311689997825181,
      0.3124617399162177,
      0.31700137771426823,
      0.3208562556246658,
      0.3268871247773101,
      0.3335457109308749,
      0.3377075964964667,
      0.34499627263523314,
      0.3453862630801081,
      0.3545198530899192,
      0.3615718524381406,
      0.36689814210843247,
      0.3703219843404532,
      0.3752262943502724,
      0.3871575761154905,
      0.39295113447243246,
      0.39692719849991503,
      0.40564960393774674,
      0.41900237291114145,
      0.4488957968331283,
      0.46868319335734376,
      0.4767055023640118,
      0.48947667776177006,
      0.513257117869555,
      0.5476578560637825,
      0.5627245209948174,
      0.5816356108802238,
      0.6044426105916135,
      0.6208527767515521,
      0.6282182250863532,
      0.639358373285187,
      0.6499225206496453,
      0.6683272260397766,
      0.6825765880997898,
      0.6977015031039403,
      0.7024323141091461,
      0.7275073406823866,
      0.735878690675218,
      0.7321762558731809
    ],
    "coherences": [
      0.03709066757357032,
      0.03405126044900781,
      0.03154528635723433,
      0.030458502911048534,
      0.031204099727040188,
      0.03132261870653543,
      0.03154177301361705,
      0.032060451094803696,
      0.03299257330051717,
      0.03468045238239971,
      0.03751747804059799,
      0.03998006781931916,
      0.04127229312236628,
      0.04203828281388481,
      0.042268182107974395,
      0.04098071606224151,
      0.041272903920315726,
      0.04075918736973294,
      0.041869540087271825,
      0.04277165310566594,
      0.04366605868363955,
      0.04352971976061938,
      0.04455465006104417,
      0.04699851897984765,
      0.04783372762637381,
      0.048400844740301326,
      0.05032747177052981,
      0.05239232557190903,
      0.05859804408113852,
      0.0627361019565351,
      0.06496341396960228,
      0.06828193978905062,
      0.07534476314812039,
      0.08742928731593291,
      0.09336096125703855,
      0.10260928111347978,
      0.11329801586700526,
      0.12538769365457358,
      0.135521907485536,
      0.14412218463577373,
      0.14429255384495335,
      0.14653095600024835,
      0.14759725182521513,
      0.14068873728073544,
      0.13508307526432894,
      0.17084143824382808,
      0.23220728556909426,
      0.2397749859231945
    ],
    "velocities": [
      0.0,
      0.012705897072774863,
      0.0017615087562424803,
      0.0020085969139706505,
      0.0028972165411365047,
      0.003344759121987173,
      0.0039702060517506355,
      0.0003531637741468474,
      -2.3061553963477088e-05,
      0.001740794924992406,
      0.0007717420910366979,
      0.004539637798050555,
      0.0038548779103975694,
      0.00603086915264428,
      0.006658586153564794,
      0.004161885565591827,
      0.007288676138766437,
      0.0003899904448749769,
      0.009133590009811066,
      0.007051999348221427,
      0.005326289670291862,
      0.0034238422320207462,
      0.004904310009819168,
      0.011931281765218127,
      0.005793558356941952,
      0.003976064027482573,
      0.008722405437831704,
      0.013352768973394713,
      0.02989342392198685,
      0.01978739652421546,
      0.00802230900666806,
      0.012771175397758239,
      0.023780440107784906,
      0.03440073819422751,
      0.015066664931034923,
      0.01891108988540635,
      0.022806999711389775,
      0.01641016615993862,
      0.007365448334801017,
      0.0111401481988338,
      0.01056414736445832,
      0.018404705390131282,
      0.01424936206001326,
      0.015124915004150474,
      0.004730811005205782,
      0.025075026573240566,
      0.0083713499928314,
      -0.0037024348020371356
    ]
  },
  "baseline_separation": NaN,
  "ablation_results": [
    {
      "layer": 21,
      "separation_reduction": 0.0,
      "kl_divergence": 0.006654119491577149,
      "position": "caz_start"
    },
    {
      "layer": 34,
      "separation_reduction": 0.0,
      "kl_divergence": 0.03346748352050781,
      "position": "caz_mid"
    },
    {
      "layer": 46,
      "separation_reduction": 0.0,
      "kl_divergence": 0.2882080078125,
      "position": "caz_peak"
    },
    {
      "layer": 47,
      "separation_reduction": 0.0,
      "kl_divergence": 0.362255859375,
      "position": "caz_end"
    },
    {
      "layer": 47,
      "separation_reduction": 0.0,
      "kl_divergence": 0.362255859375,
      "position": "post_caz"
    }
  ],
  "hypothesis_test": {
    "caz_mid_reduction": 0.0,
    "post_caz_reduction": 0.0,
    "caz_mid_kl": 0.03346748352050781,
    "post_caz_kl": 0.362255859375,
    "kl_improvement": 0.32878837585449217,
    "hypothesis_supported": false
  }
}