{
  "model_id": "gpt2-xl",
  "caz_boundaries": {
    "caz_start": 0,
    "caz_peak": 29,
    "caz_end": 32,
    "caz_width": 33,
    "peak_separation": 0.29906856578848806,
    "threshold": 0.14953428289424403,
    "zones": [
      "caz",
      "caz",
      "caz",
      "caz",
      "caz",
      "caz",
      "caz",
      "caz",
      "caz",
      "caz",
      "caz",
      "caz",
      "caz",
      "caz",
      "caz",
      "caz",
      "caz",
      "caz",
      "caz",
      "caz",
      "caz",
      "caz",
      "caz",
      "caz",
      "caz",
      "caz",
      "caz",
      "caz",
      "caz",
      "caz_peak",
      "caz",
      "caz",
      "caz",
      "post_caz",
      "post_caz",
      "post_caz",
      "post_caz",
      "post_caz",
      "post_caz",
      "post_caz",
      "post_caz",
      "post_caz",
      "post_caz",
      "post_caz",
      "post_caz",
      "post_caz",
      "post_caz",
      "post_caz"
    ],
    "separations": [
      0.19817953271420374,
      0.1922138882131965,
      0.19261840976382638,
      0.19727707334565456,
      0.19673945451459443,
      0.19471450491506842,
      0.1950500738197398,
      0.1971820789050965,
      0.19973441617183044,
      0.20501860727776441,
      0.205491338131082,
      0.2085442926782273,
      0.21574140667228217,
      0.22124529202459295,
      0.2284537088329453,
      0.23313155513934444,
      0.23825118200434436,
      0.24227811192641774,
      0.2442934789355754,
      0.24996399535342184,
      0.2606781286589017,
      0.2678633961661836,
      0.2759892155940643,
      0.27758286242821895,
      0.2782825082932698,
      0.2828453121599355,
      0.2863515461987857,
      0.2919678804176318,
      0.2969812969434092,
      0.29906856578848806,
      0.2964344670373229,
      0.29853044901833026,
      0.0,
      0.0,
      0.0,
      0.0,
      0.0,
      0.0,
      0.0,
      0.0,
      0.0,
      0.0,
      0.0,
      0.0,
      0.0,
      0.0,
      0.0,
      0.0
    ],
    "coherences": [
      0.0725158852719793,
      0.05907090532550088,
      0.05622554233944829,
      0.05205458471837382,
      0.04724428978820513,
      0.04424625965043961,
      0.04223137812813442,
      0.041353418782660085,
      0.042831393394334574,
      0.042919788866793866,
      0.04489404032038133,
      0.04460734713610955,
      0.04334440267009271,
      0.04238169868248343,
      0.04006991962366228,
      0.03912390054181599,
      0.038265368071340705,
      0.03728196747288012,
      0.03628904788903823,
      0.03589588045249051,
      0.03656564323347333,
      0.03591211108037508,
      0.03609056700178445,
      0.03539485791082942,
      0.03567512409067214,
      0.03599444557361142,
      0.03622198893683493,
      0.037190014159558436,
      0.03880547875483059,
      0.03997115737378217,
      0.04085641489495869,
      0.044703676366900744,
      0.053040979852585796,
      0.06529089318749973,
      0.07496546207546106,
      0.08821827025876923,
      0.09969646071567795,
      0.11389980845498929,
      0.12797776505371128,
      0.1371455593334945,
      0.13720757512204673,
      0.14034434760850184,
      0.14064629884393093,
      0.12644964920847143,
      0.11231266992580743,
      0.1569781004702834,
      0.22637789853107018,
      0.2357039473458669
    ],
    "velocities": [
      0.0,
      -0.005965644501007256,
      0.0004045215506298938,
      0.004658663581828176,
      -0.0005376188310601271,
      -0.0020249495995260103,
      0.0003355689046713739,
      0.002132005085356714,
      0.0025523372667339284,
      0.0052841911059339775,
      0.0004727308533175878,
      0.003052954547145298,
      0.007197113994054871,
      0.005503885352310778,
      0.0072084168083523525,
      0.0046778463063991416,
      0.005119626864999921,
      0.0040269299220733745,
      0.0020153670091576648,
      0.0056705164178464385,
      0.010714133305479878,
      0.007185267507281878,
      0.00812581942788071,
      0.0015936468341546384,
      0.0006996458650508353,
      0.004562803866665743,
      0.003506234038850198,
      0.005616334218846053,
      0.005013416525777414,
      0.0020872688450788712,
      -0.0026340987511651592,
      0.0020959819810073554,
      -0.29853044901833026,
      0.0,
      0.0,
      0.0,
      0.0,
      0.0,
      0.0,
      0.0,
      0.0,
      0.0,
      0.0,
      0.0,
      0.0,
      0.0,
      0.0,
      0.0
    ]
  },
  "baseline_separation": 0.29906856578848806,
  "ablation_results": [
    {
      "layer": 0,
      "separation_reduction": 0.3561039697154041,
      "kl_divergence": -7.995963096618652e-05,
      "position": "caz_start"
    },
    {
      "layer": 16,
      "separation_reduction": 0.4186751652133242,
      "kl_divergence": 0.015224838256835937,
      "position": "caz_mid"
    },
    {
      "layer": 29,
      "separation_reduction": 0.7848832299520072,
      "kl_divergence": 0.015321731567382812,
      "position": "caz_peak"
    },
    {
      "layer": 32,
      "separation_reduction": 1.0,
      "kl_divergence": 0.01544952392578125,
      "position": "caz_end"
    },
    {
      "layer": 32,
      "separation_reduction": 1.0,
      "kl_divergence": 0.015071868896484375,
      "position": "post_caz"
    }
  ],
  "hypothesis_test": {
    "caz_mid_reduction": 0.4186751652133242,
    "post_caz_reduction": 1.0,
    "caz_mid_kl": 0.015224838256835937,
    "post_caz_kl": 0.015071868896484375,
    "kl_improvement": -0.00015296936035156215,
    "hypothesis_supported": false
  }
}