{
  "n_sample": 20,
  "seq_len": 110,
  "device": "cuda",
  "delta_per_position": [
    7.58289439122355,
    3.3515695122001397,
    -0.725783402390888,
    0.8617807837787219,
    1.3983117983094533,
    6.481719105101877,
    6.470946578854445,
    4.129638591923402,
    3.4339788986940283,
    2.907618603590442,
    4.93889570951431,
    4.513875558636147,
    3.093950991539019,
    2.7331531131441102,
    2.776013293634113,
    3.5946832289419612,
    5.0994198129184465,
    5.234137201390304,
    4.1254795559089334,
    2.904255129225815,
    3.271854836546863,
    3.1192424669451304,
    3.1558111944349454,
    3.6124095715508884,
    3.964031903264931,
    2.831153130195368,
    2.286904530848674,
    3.1117762031155882,
    4.391512988726844,
    3.216249908602128,
    3.8111731593317897,
    4.093611985841793,
    3.0532614265543034,
    4.11933914602332,
    3.4669175835262065,
    3.715369185387852,
    4.469778330681626,
    1.4326293141564963,
    4.009174054243925,
    4.740412310378977,
    2.8885520996537624,
    2.6323573480961104,
    4.892891324328257,
    3.036534053740569,
    4.445127672004421,
    3.505868897807944,
    4.071067265834865,
    3.1171803509197598,
    4.748650447352753,
    3.144864737715527,
    3.590809086137577,
    2.972184229997712,
    4.080421453561529,
    3.0505556738194577,
    5.917294794929495,
    3.295652413821684,
    4.215161244362376,
    3.6259154657377133,
    0.5037785989183643,
    4.357386368090098,
    1.8389217809362775,
    2.27458262761927,
    7.2997981639686795,
    4.4914091361208435,
    2.589140072207344,
    2.1285622741969217,
    1.975886831430663,
    6.47407286287886,
    2.855494210808779,
    4.3576468685257606,
    3.9147787158886027,
    4.547267625452791,
    6.374395188237101,
    4.441133433464097,
    5.18966206024394,
    3.947515552280578,
    3.709529695758485,
    3.554713625217583,
    9.183489779141668,
    3.290377392375726,
    6.471049419211447,
    1.9699469800745688,
    2.441541173508551,
    1.8046412553372626,
    6.557642726390561,
    7.113715356733242,
    3.1474182087272853,
    7.007393368601691,
    0.8592599543308381,
    -0.5868622628221205,
    2.790010967634796,
    5.2641154355647615,
    5.256790487944381,
    4.939829527838552,
    7.1433601803435405,
    3.5683671500402165,
    1.817841528780164,
    6.4095713585463985,
    -1.111173391120734,
    -2.8227895391276143,
    8.727782632777014,
    2.062686777425889,
    -5.26639946723247,
    11.673032652458712,
    -1.2296460114993568,
    1.514407423367694,
    9.274241508432302,
    2.9715688487278644,
    10.542063728716268,
    0.6612190541614851
  ],
  "pos_mean_proj": [
    9.69124391830981,
    5.741523014958417,
    3.790791648593101,
    3.090223406740445,
    2.785770017781966,
    5.552238412230471,
    6.4476200850702465,
    4.662733753251982,
    4.778443307880228,
    4.3605983039107254,
    6.799984434174556,
    6.943425622848833,
    4.971418035526092,
    5.17360558322785,
    5.983418884097251,
    6.532473353662562,
    7.586757921724988,
    7.082922789144452,
    6.328992434529734,
    4.414961104376065,
    6.507136238328071,
    6.275498901493262,
    6.540160377268118,
    5.518426382749242,
    6.707917385866454,
    5.677059119741748,
    6.2777036170624,
    6.7656730619092595,
    5.949622662416763,
    5.608515149218042,
    6.4179619527301,
    6.56744327361289,
    5.769145257137547,
    5.485344996713948,
    5.502991477950049,
    6.633691763341235,
    6.563927330737843,
    5.050587784341095,
    6.238525075451869,
    6.4179564963716205,
    5.480641433802632,
    6.293874340554082,
    6.451591743654032,
    6.294869743289687,
    6.683527880065232,
    6.298823029655983,
    5.647998177836999,
    4.691728143232885,
    7.051080371631511,
    5.9637017425308105,
    5.99935577413032,
    5.107394446998661,
    6.166263010894999,
    5.79651974436837,
    8.765272357496745,
    5.233636230162599,
    5.943816864254993,
    6.576459279390153,
    4.545907084756899,
    6.632317763602577,
    4.722072200994861,
    5.575264121851329,
    9.43330042762095,
    7.4496005257101405,
    4.687587677553057,
    5.446459046789314,
    4.49793225922162,
    7.622709605253173,
    5.608993915282009,
    7.141755663313803,
    7.210329754662566,
    6.733057058678117,
    7.399113819720638,
    7.213935934908835,
    8.037709324101026,
    7.295452357714124,
    6.277600742561791,
    7.458635591679762,
    10.38274356025887,
    5.602676678068604,
    9.246441203389981,
    4.487946656872894,
    6.05560457131853,
    7.13294542300865,
    9.347772156664734,
    9.364852294135007,
    5.185314822726664,
    9.139036279426103,
    5.7844852412889765,
    7.109125970550275,
    8.009310940288389,
    6.901587286838167,
    7.727814879354351,
    10.41148649827602,
    10.56967997205036,
    5.034955494979114,
    2.9418576765544344,
    10.760648693926676,
    5.886834169286791,
    3.1974131072495102,
    10.36712178841955,
    2.8130617434122014,
    2.6651392254675947,
    14.4410818367672,
    3.9092290172443684,
    2.2062035563040876,
    6.641447052091315,
    2.662922744325165,
    18.958346714657473,
    5.95956677925653
  ],
  "neg_mean_proj": [
    2.1083495270862604,
    2.389953502758277,
    4.516575050983989,
    2.228442622961723,
    1.3874582194725127,
    -0.9294806928714061,
    -0.02332649378419869,
    0.5330951613285799,
    1.3444644091861997,
    1.4529797003202838,
    1.8610887246602463,
    2.4295500642126866,
    1.8774670439870733,
    2.44045247008374,
    3.207405590463138,
    2.9377901247206006,
    2.487338108806542,
    1.8487855877541481,
    2.2035128786208005,
    1.5107059751502503,
    3.235281401781208,
    3.1562564345481317,
    3.384349182833173,
    1.9060168111983535,
    2.7438854826015224,
    2.84590598954638,
    3.990799086213726,
    3.6538968587936713,
    1.558109673689919,
    2.392265240615914,
    2.6067887933983105,
    2.473831287771097,
    2.7158838305832433,
    1.366005850690628,
    2.0360738944238426,
    2.9183225779533832,
    2.094149000056217,
    3.617958470184599,
    2.2293510212079437,
    1.677544185992644,
    2.59208933414887,
    3.661516992457971,
    1.5587004193257745,
    3.258335689549118,
    2.238400208060811,
    2.792954131848039,
    1.5769309120021342,
    1.5745477923131248,
    2.3024299242787585,
    2.8188370048152835,
    2.408546687992743,
    2.1352102170009495,
    2.08584155733347,
    2.745964070548912,
    2.8479775625672503,
    1.937983816340915,
    1.7286556198926175,
    2.9505438136524393,
    4.042128485838535,
    2.2749313955124792,
    2.883150420058583,
    3.300681494232059,
    2.1335022636522702,
    2.9581913895892966,
    2.098447605345713,
    3.317896772592392,
    2.5220454277909568,
    1.1486367423743131,
    2.75349970447323,
    2.784108794788042,
    3.2955510387739633,
    2.1857894332253265,
    1.0247186314835366,
    2.7728025014447373,
    2.8480472638570866,
    3.3479368054335463,
    2.5680710468033063,
    3.903921966462179,
    1.1992537811172013,
    2.3122992856928777,
    2.775391784178534,
    2.517999676798325,
    3.614063397809979,
    5.328304167671387,
    2.790129430274173,
    2.251136937401765,
    2.0378966139993784,
    2.1316429108244117,
    4.925225286958138,
    7.695988233372396,
    5.219299972653593,
    1.6374718512734052,
    2.471024391409969,
    5.471656970437468,
    3.426319791706818,
    1.4665883449388972,
    1.1240161477742705,
    4.351077335380277,
    6.998007560407525,
    6.0202026463771245,
    1.6393391556425356,
    0.7503749659863127,
    7.931538692700065,
    2.7680491843084876,
    5.138875028743725,
    0.6917961329363935,
    -2.6327944563409873,
    -0.30864610440269946,
    8.416282985941205,
    5.298347725095045
  ],
  "first_token_delta": 7.58289439122355,
  "rest_mean_delta": 3.7128395940617396,
  "rest_std_delta": 2.3999497195227875,