{
  "model_id": "gpt2-xl",
  "caz_boundaries": {
    "caz_start": 0,
    "caz_peak": 44,
    "caz_end": 47,
    "caz_width": 48,
    "peak_separation": 0.3719766664776468,
    "threshold": 0.1859883332388234,
    "zones": [
      "caz",
      "caz",
      "caz",
      "caz",
      "caz",
      "caz",
      "caz",
      "caz",
      "caz",
      "caz",
      "caz",
      "caz",
      "caz",
      "caz",
      "caz",
      "caz",
      "caz",
      "caz",
      "caz",
      "caz",
      "caz",
      "caz",
      "caz",
      "caz",
      "caz",
      "caz",
      "caz",
      "caz",
      "caz",
      "caz",
      "caz",
      "caz",
      "caz",
      "caz",
      "caz",
      "caz",
      "caz",
      "caz",
      "caz",
      "caz",
      "caz",
      "caz",
      "caz",
      "caz",
      "caz_peak",
      "caz",
      "caz",
      "caz"
    ],
    "separations": [
      0.19817566505441017,
      0.19220582555378263,
      0.19255643862342228,
      0.19727391651865966,
      0.19672999095622312,
      0.19477370161555416,
      0.19502911268445616,
      0.19705478666161183,
      0.19973739059254672,
      0.20494924415279597,
      0.20541885058498555,
      0.20850282610156595,
      0.21571388178996365,
      0.2211819912042316,
      0.22853575976483978,
      0.23294289852643107,
      0.238091337314425,
      0.24213400607580565,
      0.24432092940801214,
      0.24981841032547197,
      0.26064546428482477,
      0.26786565485395136,
      0.27599547669376695,
      0.27759104125732903,
      0.2782903154508234,
      0.2827138154753295,
      0.2863351709014251,
      0.2917082874671752,
      0.29685784037945045,
      0.29897399587016593,
      0.2964579476648782,
      0.29855174349898994,
      0.3037462129647358,
      0.31083219258237854,
      0.31550601424851776,
      0.31859558678038846,
      0.32859147805287214,
      0.3334696451700731,
      0.3338325425643449,
      0.3423404976701999,
      0.3476751172313797,
      0.35412311983344613,
      0.36399927250588837,
      0.3703284165477251,
      0.3719766664776468,
      0.36616153805651136,
      0.35173382126607744,
      0.3512540270832413
    ],
    "coherences": [
      0.0725120985640906,
      0.05907195066496701,
      0.056238923185488336,
      0.05206917094218613,
      0.04725213350319873,
      0.04425289438279597,
      0.04223888566004202,
      0.041359332264875155,
      0.04283646964707055,
      0.04292233482219723,
      0.044895435891238414,
      0.04460823539930075,
      0.04334520783424332,
      0.042381130462438375,
      0.04007472712565285,
      0.03912564029350186,
      0.038268311258969415,
      0.03728410720279494,
      0.036292833110600074,
      0.03589857987438289,
      0.03656871637676955,
      0.035915021243190674,
      0.03609307402088374,
      0.035398608414883806,
      0.03567992606146561,
      0.03600134328276882,
      0.036228115113352694,
      0.03719625860711892,
      0.0388131158773025,
      0.03997886757120192,
      0.04085958972077523,
      0.04469649237952991,
      0.05302458868868462,
      0.06527051376082671,
      0.07493835205835041,
      0.08818196178076239,
      0.09966109766620806,
      0.11386765211608546,
      0.12794462676687235,
      0.13711273963322296,
      0.13717689017413284,
      0.14031978212799676,
      0.14062370024790005,
      0.12642635616967932,
      0.11228259478115034,
      0.15694151780402907,
      0.22631283071467745,
      0.2356339719091603
    ],
    "velocities": [
      0.0,
      -0.005969839500627544,
      0.0003506130696396548,
      0.004717477895237382,
      -0.0005439255624365424,
      -0.001956289340668965,
      0.00025541106890200616,
      0.0020256739771556675,
      0.0026826039309348904,
      0.005211853560249252,
      0.0004696064321895732,
      0.003083975516580406,
      0.007211055688397694,
      0.005468109414267952,
      0.0073537685606081815,
      0.004407138761591295,
      0.005148438787993925,
      0.004042668761380652,
      0.002186923332206492,
      0.005497480917459829,
      0.010827053959352795,
      0.007220190569126594,
      0.008129821839815587,
      0.0015955645635620797,
      0.0006992741934943592,
      0.0044235000245060885,
      0.003621355426095596,
      0.0053731165657501245,
      0.005149552912275257,
      0.0021161554907154767,
      -0.002516048205287724,
      0.0020937958341117335,
      0.005194469465745866,
      0.007085979617642735,
      0.004673821666139222,
      0.003089572531870699,
      0.009995891272483681,
      0.00487816711720096,
      0.00036289739427181056,
      0.008507955105855003,
      0.00533461956117981,
      0.006448002602066405,
      0.00987615267244224,
      0.0063291440418367095,
      0.0016482499299217412,
      -0.005815128421135463,
      -0.01442771679043392,
      -0.00047979418283611297
    ]
  },
  "baseline_separation": 0.3719766664776468,
  "ablation_results": [
    {
      "layer": 0,
      "separation_reduction": 0.4750895544507157,
      "kl_divergence": 1.8893471917635907e-05,
      "position": "caz_start"
    },
    {
      "layer": 23,
      "separation_reduction": 0.36794530983894075,
      "kl_divergence": 0.0005804691027151421,
      "position": "caz_mid"
    },
    {
      "layer": 44,
      "separation_reduction": 0.7597956180833936,
      "kl_divergence": 0.0016028013807954267,
      "position": "caz_peak"
    },
    {
      "layer": 47,
      "separation_reduction": 0.7325801715185924,
      "kl_divergence": 0.004357240657554939,
      "position": "caz_end"
    },
    {
      "layer": 47,
      "separation_reduction": 0.7325801715185924,
      "kl_divergence": 0.004357227863511071,
      "position": "post_caz"
    }
  ],
  "hypothesis_test": {
    "caz_mid_reduction": 0.36794530983894075,
    "post_caz_reduction": 0.7325801715185924,
    "caz_mid_kl": 0.0005804691027151421,
    "post_caz_kl": 0.004357227863511071,
    "kl_improvement": 0.0037767587607959287,
    "hypothesis_supported": false
  }
}